,no,,name,img,url
ky_,01,.png,(株)ZTV,ky_01.png,https://www.ztv.co.jp/
ky_,02,.png,伊賀上野ケーブルテレビ(株),ky_02.png,https://www.ict.jp/
ky_,03,.png,松阪ケーブルテレビ・ステーション(株),ky_03.png,https://www.mctv.jp/
ky_,04,.png,(株)フジテレビジョン,ky_04.png,https://www.fujitv.co.jp/index.html
ky_,05,.png,ターナージャパン(株),ky_05.png,
ky_,07,.png,松竹ブロードキャスティング(株),ky_07.png,https://www.broadcasting.co.jp/sbc/index.html
ky_,08,.png,日活(株),ky_08.png,https://www.nikkatsu.com/
ky_,09,.png,(株)ファミリー劇場,ky_09.png,https://www.fami-geki.com/
ky_,12,.png,(株)ソニー・ミュージックソリューションズ,ky_12.png,https://www.sonymusicsolutions.co.jp/s/sms/?ima=3657
ky_,13,.png,チャンネル銀河(株),ky_13.png,https://www.ch-ginga.jp/
ky_,14,.png,ティスカバリー・ジャパン(株),ky_14.png,https://www.discoverychannel.jp/
ky_,15,.png,(株)アトス・インターナショナル,ky_15.png,https://atoss.co.jp/
ky_,16,.png,バイアコム・ネットワークス・ジャパン(株),ky_16.png,http://www.mtvjapan.com/info/about
ky_,17,.png,(株)テレビ朝日,ky_17.png,https://www.tv-asahi.co.jp/
ky_,18,.png,(株)エムオン・エンタテインメント,ky_18.png,https://www.m-on-ent.jp/
ky_,19,.png,(株)日経CNBC,ky_19.png,https://www.nikkei-cnbc.co.jp/
ky_,20,.png,(株)GAORA,ky_20.png,https://www.gaora.co.jp/
ky_,21,.png,ジュピターゴルフネットワーク(株),ky_21.png,https://www.golfnetwork.co.jp/
ky_,22,.png,ジュピターショップチャンネル(株),ky_22.png,https://www.shopch.jp/JscTop.do
ky_,23,.png,(株)WOWOWプラス,ky_23.png,https://www.wowowplus.co.jp/
ky_,24,.png,(株)ジェイ・スポーツ,ky_24.png,https://www.jsports.co.jp/
ky_,25,.png,(株)日本ケーブルテレビジョン,ky_25.png,http://www.jctv.co.jp/
ky_,26,.png,日本映画放送(株),ky_26.png,https://www.nihon-eiga.co.jp/
ky_,27,.png,(株)釣りビジョン,ky_27.png,https://www.fishing-v.jp/
ky_,28,.png,日本テレビ放送網(株),ky_28.png,https://www.ntv.co.jp/
ky_,29,.png,(株)キッズステーション,ky_29.png,https://www.kids-station.com/
ky_,30,.png,(株)スカイ・エー,ky_30.png,https://www.sky-a.co.jp/
ky_,31,.png,(株)ヒューマックスコミュニケーションズ,ky_31.png,https://www.vpara.com/
ky_,32,.png,(株)スター・チャンネル,ky_32.png,https://www.star-ch.jp/
ky_,33,.png,(株)囲碁将棋チャンネル,ky_33.png,https://www.igoshogi.net/
ky_,34,.png,(株)東北新社,ky_34.png,https://www.tfc.co.jp/