no,name,url
01,ディスカバリー･ジャパン（株）,https://www.discoveryjapan.jp/
02,ジュピターエンタテインメント（株）,https://www.jcom.co.jp/corporate/group_companies/JE/
03,（株）ジェイ・スポーツ,https://www.jsports.co.jp/
04,日本映画放送（株）,https://www.nihon-eiga.co.jp/
05,チャンネル銀河（株）,https://www.ch-ginga.jp/
06,（株）ソニー・ミュージックソリューションズ,https://www.sonymusicsolutions.co.jp/s/sms/
07,（株）エムオン・エンタテインメント,https://www.m-on-ent.jp/
08,（株）キッズステーション,https://www.kids-station.com/
09,（株）アニマックスブロードキャスト・ジャパン,https://www.animax.co.jp/
10,（株）ミステリチャンネル,https://www.mystery.co.jp/
11,（株）ソニー・ピクチャーズ エンタテインメント,https://www.sonypictures.jp/
12,（株）ヒューマックスコミュニケーションズ,https://www.vpara.com/
13,ジュピターショップチャンネル（株）,https://www.shopch.jp/JscTop.do
14,（株）アトス・インターナショナル,https://www.musicair.co.jp/
15,（株）囲碁将棋チャンネル,https://www.igoshogi.net/
16,（株）ファミリー劇場,https://www.fami-geki.com/
17,エーアンドイーネットワークスジャパン(合),https://jp.history.com/
18,（株）スーパーネットワーク,https://www.superdramatv.com/
19,（株）日本ケーブルテレビジョン,https://www2.jctv.co.jp/cnnj/
20,（株）テレビ朝日,https://www.tv-asahi.co.jp/ch/
21,ターナージャパン（株）,https://www.tabichan.jp/
22,（株）日経CNBC,https://www.nikkei-cnbc.co.jp/
23,（株）GAORA,https://www.gaora.co.jp/
24,バイアコム・ネットワークス・ジャパン（株）,https://www.mtvjapan.com/
25,（株）スカイA,https://www.sky-a.co.jp/
26,（株）WOWOWプラス,https://www.wowowplus.jp/
27,（株）フジテレビジョン,https://otn.fujitv.co.jp/
28,日活（株）,https://www.necoweb.com/neco/
29,（株）CS日本,https://www.gtasu.com/
30,（株）釣りビジョン,https://www.fishing-v.jp/
